date,reserve0,reserve1,totalSupply,token0.name,token1.name,priceUSD
2021-01-02 00:00:00,58539791.493811,75511.586143249102284349,1.678961823219291012,USD Coin,Wrapped Ether,774.6009915816670485615861707222294
2021-01-03 00:00:00,58530158.108202,59906.560862177036109682,1.49373505539767151,USD Coin,Wrapped Ether,974.8818874357793469141404160631736
2021-01-04 00:00:00,77666835.435327,74649.042366837429342262,1.917177083172963218,USD Coin,Wrapped Ether,1039.408711818227777868568056432906
2021-01-05 00:00:00,83912770.457253,76000.241799120112813229,2.008658887131284471,USD Coin,Wrapped Ether,1102.12626822641991502993649455206
2021-01-06 00:00:00,83687962.42327,69166.400481513284287418,1.912060996212390963,USD Coin,Wrapped Ether,1208.977405689728327452306618772211
2021-01-07 00:00:00,88078458.041068,72008.83908579688452153,2.000018770662432658,USD Coin,Wrapped Ether,1224.052806306977926513256530897426
2021-01-08 00:00:00,84049775.426315,68961.641213487636427604,1.91011069151986486,USD Coin,Wrapped Ether,1218.644674703601107440394348187073
2021-01-09 00:00:00,91164702.541299,70963.933123625633086315,2.016959083412578268,USD Coin,Wrapped Ether,1282.772785377088813767735747521727
2021-01-10 00:00:00,90815954.930374,72225.311042848395276614,2.029274376202761202,USD Coin,Wrapped Ether,1260.184234727290909111522043569391
2021-01-11 00:00:00,83488605.783281,76776.655380155244066166,2.000443536630785759,USD Coin,Wrapped Ether,1087.504938197204706712775515880933
2021-01-12 00:00:00,85895150.116431,82206.916809061093569931,2.097735329989144989,USD Coin,Wrapped Ether,1045.554509658857044304302450425797
2021-01-13 00:00:00,95819757.457929,84930.083154170699144044,2.25059966774585292,USD Coin,Wrapped Ether,1128.517782654200090681797834998498
2021-01-14 00:00:00,80274700.006365,65380.723385970439385103,1.806410642722006051,USD Coin,Wrapped Ether,1226.172995915017899028697535321258
2021-01-15 00:00:00,82609488.411452,70576.311518250605301105,1.902150329395687183,USD Coin,Wrapped Ether,1170.348948319409097260576442013059
2021-01-16 00:00:00,89700964.897046,72817.351859913420883232,2.012019154354632951,USD Coin,Wrapped Ether,1232.596356586779413586201615110626
2021-01-17 00:00:00,92349289.370063,75161.472272333722892777,2.07304273909163148,USD Coin,Wrapped Ether,1229.508853578685151017943046338444
2021-01-18 00:00:00,93257155.516646,74232.066014784658159758,2.069573453151399321,USD Coin,Wrapped Ether,1255.294997378292428035028223335439
2021-01-19 00:00:00,110287388.670485,80220.436622986393020412,2.33715418231615176,USD Coin,Wrapped Ether,1373.381012314415085739435055918749
2021-01-20 00:00:00,106852654.082867,77320.039434927002996482,2.256733705367329181,USD Coin,Wrapped Ether,1380.918539789116704420579199975797
2021-01-21 00:00:00,90527561.902361,81114.372450078950239799,2.125063962481708789,USD Coin,Wrapped Ether,1116.263590452444261809125535018324
2021-01-22 00:00:00,93550234.409821,75715.439497735061160512,2.085116806077901848,USD Coin,Wrapped Ether,1235.027678271569987343128633945126
2021-01-23 00:00:00,109253604.103244,88818.642263320721213679,2.439271723829916682,USD Coin,Wrapped Ether,1229.574900608331008467192128169042
2021-01-24 00:00:00,118288966.505924,84801.483230270718840674,2.478965405317065247,USD Coin,Wrapped Ether,1393.360119851569801739528291496498
2021-01-25 00:00:00,114954714.377945,86899.144107228226585344,2.471993187712590761,USD Coin,Wrapped Ether,1322.842951327665593443810661274788
2021-01-26 00:00:00,78774848.121924,57744.676375212650943199,1.666832554982843782,USD Coin,Wrapped Ether,1363.028289928608842966599098538063
2021-01-27 00:00:00,81064864.508183,65090.665935524594122178,1.793565952283312996,USD Coin,Wrapped Ether,1244.585391132988670663356914016944
2021-01-28 00:00:00,92952153.611386,69672.532053065825036914,1.986051659082783289,USD Coin,Wrapped Ether,1333.499922499718894846615399906641
2021-01-29 00:00:00,97405008.788026,70283.66928924700149105,2.040152116071475219,USD Coin,Wrapped Ether,1384.330259854849786200615847346137
2021-01-30 00:00:00,100717175.130446,73152.840491659466227121,2.11579936646540205,USD Coin,Wrapped Ether,1377.897166604502421819905203882248
2021-01-31 00:00:00,123440065.910831,93894.507669179337596789,2.652838075830684599,USD Coin,Wrapped Ether,1315.511684241571324477173618590349
2021-02-01 00:00:00,128480347.288369,93858.464297544997783128,2.70469570756310055,USD Coin,Wrapped Ether,1370.836020528674382032513788975557
2021-02-02 00:00:00,137576638.808935,90785.693564166671569624,2.751090135609120001,USD Coin,Wrapped Ether,1517.07346668768514386093880546876
2021-02-03 00:00:00,166141452.936773,99820.69966347832288594,3.168821700243292483,USD Coin,Wrapped Ether,1663.53110569652433233960364559291
2021-02-04 00:00:00,159006988.208436,99498.794759554264972105,3.093116296336670031,USD Coin,Wrapped Ether,1596.894447837278865009399702541384
2021-02-05 00:00:00,163926671.428381,95453.411991767160990142,3.074794134845204892,USD Coin,Wrapped Ether,1716.914025151651240776205352080438
2021-02-06 00:00:00,178582694.395325,106223.804574734271063017,3.384209229384057942,USD Coin,Wrapped Ether,1679.810713405608254641089957508016
2021-02-07 00:00:00,156361361.117439,96428.893707186585726002,3.015764060117502068,USD Coin,Wrapped Ether,1618.686722523982220325904799933743
2021-02-08 00:00:00,159643737.488023,91364.0557710990034803,2.964867636941440822,USD Coin,Wrapped Ether,1746.4788503087953139539295768298
2021-02-09 00:00:00,159840324.920819,90273.520145450835757593,2.94787628562528576,USD Coin,Wrapped Ether,1770.109792285878044097393146027523
2021-02-10 00:00:00,184600595.007492,105649.810534221933626861,3.425621360977036711,USD Coin,Wrapped Ether,1747.671634011969743828669728457634
2021-02-11 00:00:00,186078715.37511,104422.078659294897661682,3.418487915777803707,USD Coin,Wrapped Ether,1783.413943343355497820110743284035
2021-02-12 00:00:00,211098035.047168,114733.586203137111623709,3.815619894577246001,USD Coin,Wrapped Ether,1839.16648700771200353635141285059
2021-02-13 00:00:00,185111043.421474,101830.272448781736435494,3.365027379123525666,USD Coin,Wrapped Ether,1815.356696314693796459534660588548
2021-02-14 00:00:00,184666700.460218,102052.40471613567613163,3.363925875382992897,USD Coin,Wrapped Ether,1808.54496829090091234862277186497
2021-02-15 00:00:00,183417741.594834,103187.510745178676295603,3.369600413452951624,USD Coin,Wrapped Ether,1777.522494738012682253500772721546
2021-02-16 00:00:00,182631841.040423,102712.263642942660314762,3.353719999164661012,USD Coin,Wrapped Ether,1777.636870936282784906470003987602
2021-02-17 00:00:00,138298327.618988,74941.099475261374668048,2.491937676349704366,USD Coin,Wrapped Ether,1846.298021290477301709856576633628
2021-02-18 00:00:00,142698427.628535,73808.518767822321626902,2.511190533886112794,USD Coin,Wrapped Ether,1935.083411492933126222176440460257
2021-02-19 00:00:00,141738067.60024,72311.325503830790982839,2.476410129536703266,USD Coin,Wrapped Ether,1958.950270792248045436676331362823
2021-02-20 00:00:00,136843307.926605,71429.13197975394741862,2.417258228233191066,USD Coin,Wrapped Ether,1914.247694989355910975138738525727
2021-02-21 00:00:00,143821834.204469,74403.202568047306263662,2.528449113560996003,USD Coin,Wrapped Ether,1931.783000746740506433763599630469
2021-02-22 00:00:00,138237636.338402,77466.815068422399078363,2.526410271380450151,USD Coin,Wrapped Ether,1779.910972313257505299231204064506
2021-02-23 00:00:00,114500208.725758,72952.370678750117068461,2.224820870675332804,USD Coin,Wrapped Ether,1570.723779614047567949298247154902
2021-02-24 00:00:00,137981970.72203,85107.224297319750633004,2.63573877199272378,USD Coin,Wrapped Ether,1621.066954721185273920659523290929
2021-02-25 00:00:00,133052538.866851,89906.790392115616878655,2.65884727338999031,USD Coin,Wrapped Ether,1479.343240314797946471583724123161
2021-02-26 00:00:00,132026173.548306,91616.964193618029028181,2.670744474812691289,USD Coin,Wrapped Ether,1441.521592669180941703074332701984
2021-02-27 00:00:00,155894687.927978,106617.304649618413669877,3.129153334081292214,USD Coin,Wrapped Ether,1460.740252767993019363930068383422
2021-02-28 00:00:00,147466488.793697,103785.595439835550152347,2.999705602936642189,USD Coin,Wrapped Ether,1418.665616826337834631085815084955
2021-03-01 00:00:00,82374867.190337,52524.522378075276913514,1.594293566667411243,USD Coin,Wrapped Ether,1565.831008797055368203225759992527
2021-03-02 00:00:00,99169091.816402,66555.81716096599715422,1.967993276691435048,USD Coin,Wrapped Ether,1488.784491956697542141889479771928
2021-03-03 00:00:00,122661120.309355,77944.312898313433451674,2.367506252936735837,USD Coin,Wrapped Ether,1573.122925922763397497083070268619
2021-03-04 00:00:00,127848070.206861,83170.295217054966086616,2.495679413857949025,USD Coin,Wrapped Ether,1537.651072964134441999487925202879
2021-03-05 00:00:00,119379272.666054,77972.594272067681301068,2.333716259263886964,USD Coin,Wrapped Ether,1526.787286581982105567882717945714
2021-03-06 00:00:00,156154738.657888,94385.439655127824698393,2.935776573480509944,USD Coin,Wrapped Ether,1653.416361409677638234047550321505
2021-03-07 00:00:00,141855952.777359,82085.828410360444960404,2.60870447377031124,USD Coin,Wrapped Ether,1727.416439394574316807880008521591
2021-03-08 00:00:00,208317557.512756,113704.604087191919707099,3.719122408062180001,USD Coin,Wrapped Ether,1833.038743381574159063691307770289
2021-03-09 00:00:00,198817918.224576,106630.897613868165478507,3.517068730400060405,USD Coin,Wrapped Ether,1865.230382709043365889230731324645
2021-03-10 00:00:00,190282936.149215,105572.023041990406233326,3.422630279022353657,USD Coin,Wrapped Ether,1801.873593621651221817926295247576
2021-03-11 00:00:00,188836088.393068,103337.76105350418067217,3.372347657353214055,USD Coin,Wrapped Ether,1827.469270321663312884965157336853
2021-03-12 00:00:00,231363406.853064,130880.105820934901523488,4.199738219230808579,USD Coin,Wrapped Ether,1766.607132354152052413325047001923
2021-03-13 00:00:00,246330897.838256,127785.719720883798165382,4.280773249156555828,USD Coin,Wrapped Ether,1926.489283454616811411743006971395
2021-03-14 00:00:00,240613197.692317,129664.495105287126252427,4.260793979434347145,USD Coin,Wrapped Ether,1854.290929382947681277408806873051
2021-03-15 00:00:00,212406830.804874,118741.421753630296410777,3.829795211545801155,USD Coin,Wrapped Ether,1789.041232851423542307251929704357
2021-03-16 00:00:00,222251875.859342,123436.53515235824612299,3.993323069095938265,USD Coin,Wrapped Ether,1800.011955596345083814672612906238
2021-03-17 00:00:00,222164516.51567,122076.563780337064006113,3.969836822532756305,USD Coin,Wrapped Ether,1824.074373985604141246360568861123
2021-03-18 00:00:00,222148067.035505,124625.929468034109089283,4.010292623101339591,USD Coin,Wrapped Ether,1781.591862442892350721649066793448
2021-03-19 00:00:00,231736591.691272,127994.037470573252904579,4.150023933266877191,USD Coin,Wrapped Ether,1810.767054616819690929204812336971
2021-03-20 00:00:00,247153499.347809,136533.109879546266085555,4.426030908625661525,USD Coin,Wrapped Ether,1809.453019511641199472506196515639
2021-03-21 00:00:00,236611687.150001,132936.921313536676815352,4.272423625430704352,USD Coin,Wrapped Ether,1780.800840791198480310633551752481
2021-03-22 00:00:00,230465931.603459,136845.599792891923464963,4.276619163592560863,USD Coin,Wrapped Ether,1685.688865197712555066919193054039
2021-03-23 00:00:00,226364415.052524,135239.044287673793953278,4.212168075658334788,USD Coin,Wrapped Ether,1671.179486921108247271284890751011
2021-03-24 00:00:00,189115861.758468,119296.968458123648913148,3.614208787735199706,USD Coin,Wrapped Ether,1583.064715412632662185242506906757
2021-03-25 00:00:00,190653791.606783,119655.94464295085063943,3.632686834594479235,USD Coin,Wrapped Ether,1590.217450877758072488449761715039
2021-03-26 00:00:00,187897649.110483,110737.0615517245682423,3.468616755417586456,USD Coin,Wrapped Ether,1697.39925099255142682785985296338
2021-03-27 00:00:00,193547714.458358,112684.81514039674053686,3.550766255096415305,USD Coin,Wrapped Ether,1716.489433588789918442138914773014
2021-03-28 00:00:00,184203762.902407,109539.01106984802786955,3.414792133171331091,USD Coin,Wrapped Ether,1680.875072634679530965277440241448
2021-03-29 00:00:00,177636989.551701,97783.45349335657109651,3.167475161035135337,USD Coin,Wrapped Ether,1815.635726418022191923340446130294
2021-03-30 00:00:00,191995407.209292,104379.401960627368512861,3.401593213443837988,USD Coin,Wrapped Ether,1839.236917939961854238824775848253
2021-03-31 00:00:00,161991098.009503,84443.805911134651274127,2.809615749489387453,USD Coin,Wrapped Ether,1917.10882849215192256075810201584
2021-04-01 00:00:00,158337092.258508,80231.183986317617492916,2.706997370568701908,USD Coin,Wrapped Ether,1972.759908800120786422345252083001
2021-04-02 00:00:00,159041245.90164,74622.382484772311138104,2.615878829264197728,USD Coin,Wrapped Ether,2131.046211660919921420179332459646
2021-04-03 00:00:00,177904002.628216,88327.973433415492766728,3.008562794771086159,USD Coin,Wrapped Ether,2013.041550841543252857326082171156
2021-04-04 00:00:00,179903241.245013,86789.590100992727469547,2.998434835885321343,USD Coin,Wrapped Ether,2073.607433772694133114336213112964
2021-04-05 00:00:00,180689124.538665,86011.096841428602728597,2.990955546617751786,USD Coin,Wrapped Ether,2099.036555293282050701177718913891
2021-04-06 00:00:00,179787135.809275,84987.67346033961259611,2.965006891588218015,USD Coin,Wrapped Ether,2115.445313049979145748284896331798
2021-04-07 00:00:00,173084127.867356,87994.435821386360029539,2.959085602981146989,USD Coin,Wrapped Ether,1967.998874055848019720891474248298
2021-04-08 00:00:00,178219218.485666,85857.305235345761244388,2.965247643853423869,USD Coin,Wrapped Ether,2078.821146300095817791963851615792
2021-04-09 00:00:00,180792209.740139,87613.196263053834733327,3.016655903742446001,USD Coin,Wrapped Ether,2064.351507873030234714152972813005
2021-04-10 00:00:00,157064205.084911,73501.665485901446772779,2.57467706879540247,USD Coin,Wrapped Ether,2134.515441694655473650921271743971
2021-04-11 00:00:00,158021837.205201,73717.906481103998895382,2.585723855621780151,USD Coin,Wrapped Ether,2144.718009512736842119556842495252
2021-04-12 00:00:00,158336088.178885,73821.799795617907136032,2.589570998819805508,USD Coin,Wrapped Ether,2144.801057288067984567947305238421
2021-04-13 00:00:00,162558662.871738,70794.910760251142672299,2.568772569144328383,USD Coin,Wrapped Ether,2296.493095991581181023960517452027
2021-04-14 00:00:00,167369772.44763,69012.61778007536054028,2.572102094858763287,USD Coin,Wrapped Ether,2423.772352766465501986642839081565
2021-04-15 00:00:00,164899915.125241,65568.705926014682529342,2.487674987800996222,USD Coin,Wrapped Ether,2513.379932462807068224284565680262
2021-04-16 00:00:00,159317722.110664,65609.995429339330062274,2.444869937137532736,USD Coin,Wrapped Ether,2428.461468039353682307632285107755
2021-04-17 00:00:00,202928036.498715,87336.741859867830325727,3.182633259869447435,USD Coin,Wrapped Ether,2323.256927034082498452011290351973
2021-04-18 00:00:00,194195671.425883,86805.958998318848170959,3.10005391333620174,USD Coin,Wrapped Ether,2238.02879296554119062745664317222
2021-04-19 00:00:00,186940775.807506,86381.088967497585905577,3.032686705869169516,USD Coin,Wrapped Ether,2163.542378175024458121372999322403
2021-04-20 00:00:00,190535693.469411,81852.630725144069142727,2.97853978192165256,USD Coin,Wrapped Ether,2326.705334285282226435348102941497
2021-04-21 00:00:00,189860303.754344,80232.188658001956490878,2.942245752160143112,USD Coin,Wrapped Ether,2364.434634571822120070761011628615
2021-04-22 00:00:00,195717399.685521,81311.499318803515540856,3.00477477455985968,USD Coin,Wrapped Ether,2406.602388260752168017515961238351
2021-04-23 00:00:00,187099058.024071,79103.934446233684477403,2.893332259980986439,USD Coin,Wrapped Ether,2360.630404583468535440739171136247
2021-04-24 00:00:00,184841617.731826,83491.656258429386718046,2.953085299214179437,USD Coin,Wrapped Ether,2214.213634311984675664424294058414
2021-04-25 00:00:00,186734043.23243,80635.376678992614962006,2.91582333694393432,USD Coin,Wrapped Ether,2312.610764375066722005501437313617
2021-04-26 00:00:00,194945799.323628,77028.571131605276885076,2.910650123928566834,USD Coin,Wrapped Ether,2530.367136095646954250490181397845
2021-04-27 00:00:00,198052721.076875,74501.30171475125245394,2.884368918228091212,USD Coin,Wrapped Ether,2657.510605363464421470776676461178
2021-04-28 00:00:00,197601757.518586,71976.60825649530532018,2.830775892823611338,USD Coin,Wrapped Ether,2742.007776541041741410821838266972
2021-04-29 00:00:00,205940057.992837,74593.662352118924551524,2.941234830165275441,USD Coin,Wrapped Ether,2760.124628583316760787233381629532
2021-04-30 00:00:00,211389576.696361,76342.089515572673186209,3.014024132487961343,USD Coin,Wrapped Ether,2767.903994939010742784346057551748
2021-05-01 00:00:00,217830242.493148,73906.296844357268528837,3.009746485536206926,USD Coin,Wrapped Ether,2948.030129484012825185440302050347
2021-05-02 00:00:00,221675611.530274,75205.630993900836630617,3.0621787784864175,USD Coin,Wrapped Ether,2946.182786166658232217690093845257
2021-05-03 00:00:00,222316376.696186,64848.352243940530991173,2.846130282634471248,USD Coin,Wrapped Ether,3425.228711735417964045259739274869
2021-05-04 00:00:00,219210793.856489,67509.776747482680147872,2.881016165594347319,USD Coin,Wrapped Ether,3244.120130717685109912630011451753
2021-05-05 00:00:00,220678806.27079,62625.798403215434487209,2.782775290569506984,USD Coin,Wrapped Ether,3521.239280033474280764175911500825
2021-05-06 00:00:00,230372985.397634,65853.383278439621882122,2.914581984463970974,USD Coin,Wrapped Ether,3495.337941077954579246455707119272
2021-05-07 00:00:00,225600349.680234,64851.159934452218746224,2.861213597087869296,USD Coin,Wrapped Ether,3477.893895526320540974283393947725
2021-05-08 00:00:00,232052020.316189,59431.935692619693650125,2.776424010333489328,USD Coin,Wrapped Ether,3904.803110497992841793240609576581
2021-05-09 00:00:00,216013324.277269,55045.327943689082498038,2.57683642046157432,USD Coin,Wrapped Ether,3919.442834743743395761952166540005
2021-05-10 00:00:00,215674049.733088,54543.380424379018371764,2.560716098522336977,USD Coin,Wrapped Ether,3953.165363161406453681370778438043
2021-05-11 00:00:00,223777333.85808,53602.79926454038448518,2.58421658694493083,USD Coin,Wrapped Ether,4162.984761163665784431255416547919
2021-05-12 00:00:00,207911485.60789,54451.068501682838721684,2.507313181759748459,USD Coin,Wrapped Ether,3811.948012784142773749796388253601
2021-05-13 00:00:00,207376375.141105,55722.328037473787904048,2.528988757466976321,USD Coin,Wrapped Ether,3720.944352210261357460479869357551
2021-05-14 00:00:00,222414929.146126,54497.954114679360416664,2.588116658978863884,USD Coin,Wrapped Ether,4083.03856947645321777119998361979
2021-05-15 00:00:00,224907665.825085,61824.120447472188051678,2.769904800521726442,USD Coin,Wrapped Ether,3637.537138952001122291431793691062
2021-05-16 00:00:00,223080856.200902,62355.744590849879625005,2.76726554341679795,USD Coin,Wrapped Ether,3582.813226595099237107940021664965
2021-05-17 00:00:00,216907958.936109,65949.737625885644231559,2.801220775309710999,USD Coin,Wrapped Ether,3287.795847709292840991251338160962
2021-05-18 00:00:00,232088267.99924,68518.74814630847519418,2.950629051139036011,USD Coin,Wrapped Ether,3387.918730389421560691157943358707
2021-05-19 00:00:00,151097834.225423,61611.840891031152364579,2.242239962884268194,USD Coin,Wrapped Ether,2451.226580019946094527991103243796
2021-05-20 00:00:00,167262842.63493,60169.895749714592101217,2.321219418441979822,USD Coin,Wrapped Ether,2777.830191734440726238676178686237
2021-05-21 00:00:00,164943950.242962,67875.197143249247949582,2.440710010529782552,USD Coin,Wrapped Ether,2427.068247822895397021346592924552
2021-05-22 00:00:00,176749339.947191,77018.811772850174358561,2.686357827120123834,USD Coin,Wrapped Ether,2294.239920239085162240827373777761
2021-05-23 00:00:00,148041940.204591,70238.386855341407637208,2.337352012504261212,USD Coin,Wrapped Ether,2105.291195801081732647785732471697
2021-05-24 00:00:00,164449067.783848,62099.401674332982666506,2.311827439857688387,USD Coin,Wrapped Ether,2642.105512115280901165010446251914
2021-05-25 00:00:00,170725680.100794,63248.562205115215200403,2.373303543452364925,USD Coin,Wrapped Ether,2698.373530660301896013766866985804
2021-05-26 00:00:00,185971833.269662,64514.866027742912033645,2.498571906134972316,USD Coin,Wrapped Ether,2881.053278978831632315927117006949
2021-05-27 00:00:00,204386613.717779,74450.348106312501066089,2.811915367100600476,USD Coin,Wrapped Ether,2744.494810103027076537421501907889
2021-05-28 00:00:00,201576587.444564,83595.601208965186907261,2.956014236224130129,USD Coin,Wrapped Ether,2410.725961198562707113629968943456
2021-05-29 00:00:00,192397246.393556,84218.138271178562726449,2.896074753140050052,USD Coin,Wrapped Ether,2282.818389425654412880896520608889
2021-05-30 00:00:00,193160223.014723,80778.648293462324138306,2.840112838802767331,USD Coin,Wrapped Ether,2388.426374765054269190829593080135
2021-05-31 00:00:00,206999557.684429,76424.638242479276784658,2.858111687139504588,USD Coin,Wrapped Ether,2706.818742198073398481497460414696
2021-06-01 00:00:00,204563872.135572,77579.245246625061926873,2.861094280432320955,USD Coin,Wrapped Ether,2633.023998001524805904068692473985
2021-06-02 00:00:00,205580561.02422,75843.649885411977463995,2.834987602104778313,USD Coin,Wrapped Ether,2711.622668555820733026199917246933
2021-06-03 00:00:00,228774718.779401,80070.604622432150422163,3.068740879057446481,USD Coin,Wrapped Ether,2856.215063790759952103357196812752
2021-06-04 00:00:00,243596335.978747,90528.321599291422632018,3.359528319070183664,USD Coin,Wrapped Ether,2689.855738668206702990170950091276
2021-06-05 00:00:00,246801450.91635,94083.538482855005144361,3.44577525526522113,USD Coin,Wrapped Ether,2623.117579667439502663246335915468
2021-06-06 00:00:00,251448323.591879,92935.286447962629007633,3.456117876309696586,USD Coin,Wrapped Ether,2704.085638166572204333408373374684
2021-06-07 00:00:00,254174267.680931,98336.531948944670867211,3.572889565204257935,USD Coin,Wrapped Ether,2583.97178975975590747260318244489
2021-06-08 00:00:00,246762537.005188,98214.974660872441107314,3.51579486236009936,USD Coin,Wrapped Ether,2510.895733435341392545875905777506
2021-06-09 00:00:00,248687760.977824,95468.8651940633366868,3.4782910021820159,USD Coin,Wrapped Ether,2603.938857362525004388910167385468
2021-06-10 00:00:00,241377399.130526,97592.00941341679314399,3.463692678966987099,USD Coin,Wrapped Ether,2472.971732705096407327248638208868
2021-06-11 00:00:00,236481932.18791,100622.754762590304944746,3.479654962008582142,USD Coin,Wrapped Ether,2348.131222594973485252433883200457
2021-06-12 00:00:00,236460845.266816,99605.793470810033223158,3.460568651819938982,USD Coin,Wrapped Ether,2373.275987173548576928989886141071
2021-06-13 00:00:00,226049143.266389,90203.834481419096646427,3.219176963663606371,USD Coin,Wrapped Ether,2505.048517610520420890653715717391
2021-06-14 00:00:00,210046201.472361,81540.592008610263277717,2.949778227247972921,USD Coin,Wrapped Ether,2575.499922916033706175490812225248
2021-06-15 00:00:00,205646732.712828,80591.071562416493678353,2.901146816118144794,USD Coin,Wrapped Ether,2549.802770040260183600960132362111
2021-06-16 00:00:00,167909617.864904,71094.129478924407938285,2.461599835891756058,USD Coin,Wrapped Ether,2360.471671769493315925553650482458
2021-06-17 00:00:00,194996333.995157,82233.774210373188938472,2.852447070252373545,USD Coin,Wrapped Ether,2370.473931512015328253103684362925
2021-06-18 00:00:00,180854585.422415,80977.280509277007279067,2.724929227560057252,USD Coin,Wrapped Ether,2231.218633819561006852719326360929
2021-06-19 00:00:00,168884782.382963,77745.841369562468342051,2.579525893094576623,USD Coin,Wrapped Ether,2171.277571502965192998938953074855
2021-06-20 00:00:00,173729864.057398,77576.678995573539333596,2.612374431236596765,USD Coin,Wrapped Ether,2239.042383115842921494149496754916
2021-06-21 00:00:00,162044518.727047,85913.11720595568619082,2.651931091052858485,USD Coin,Wrapped Ether,1886.967550256838059982059386786938
2021-06-22 00:00:00,151619945.068331,80694.65542889162959019,2.482893899712365596,USD Coin,Wrapped Ether,1874.803921551615200873178727795893
2021-06-23 00:00:00,155280011.846162,78867.347899632714716429,2.48290903084968122,USD Coin,Wrapped Ether,1967.027507600794405057519387036312
2021-06-24 00:00:00,162327211.623693,81689.65377921736222886,2.582982189637277737,USD Coin,Wrapped Ether,1987.443723924246627230523600177584
2021-06-25 00:00:00,127791718.046337,70381.867457112952374855,2.126338203369614442,USD Coin,Wrapped Ether,1815.572667972335332826438799966945
2021-06-26 00:00:00,151696641.285601,83035.151901591925403406,2.515247964180734249,USD Coin,Wrapped Ether,1825.806842345166256701463653785827
2021-06-27 00:00:00,170868848.658825,86372.431055881999935977,2.72170032868101574,USD Coin,Wrapped Ether,1977.279085151508647147215452030723
2021-06-28 00:00:00,177427668.080998,85421.469090696624323477,2.757104715297175195,USD Coin,Wrapped Ether,2078.069744954442345875877678317606
2021-06-29 00:00:00,164087779.617994,75816.543455675499659254,2.496964990475333879,USD Coin,Wrapped Ether,2163.356341041325400311248815894266
2021-06-30 00:00:00,169052034.533048,74364.059503831699024747,2.50928715890488357,USD Coin,Wrapped Ether,2272.542457467796586695738895049433
2021-07-01 00:00:00,168124547.027454,79564.539832348122206977,2.587624064499015715,USD Coin,Wrapped Ether,2112.792860635214741772591855624041
2021-07-02 00:00:00,175099072.962233,81458.357208001169887195,2.671335034599830254,USD Coin,Wrapped Ether,2148.922994062645516538289759198285
2021-07-03 00:00:00,189226549.956164,85028.709144101964723968,2.836686802350790211,USD Coin,Wrapped Ether,2224.748490461928355279738890089797
2021-07-04 00:00:00,181474594.243431,77941.515036487143898196,2.659193953460072921,USD Coin,Wrapped Ether,2327.591829101266371717542449201884
2021-07-05 00:00:00,165214299.962177,75358.755593268267455438,2.49416873184154373,USD Coin,Wrapped Ether,2198.027767257456136496591816157317
2021-07-06 00:00:00,172334286.104306,74264.198976013590615429,2.527947127560776048,USD Coin,Wrapped Ether,2320.520194882943588351864376860551
2021-07-07 00:00:00,173593808.897109,74900.757584814196116927,2.54748578223289886,USD Coin,Wrapped Ether,2316.304743753925218813859905370003
2021-07-08 00:00:00,177535762.617828,83695.441869334154295097,2.722514922943343406,USD Coin,Wrapped Ether,2119.438606740975875289612238890424
2021-07-09 00:00:00,187471695.857492,87084.477282444308011284,2.853080839190012514,USD Coin,Wrapped Ether,2151.952734942499024969317609092463
2021-07-10 00:00:00,187539991.320285,88640.876615420376914593,2.878432498338804075,USD Coin,Wrapped Ether,2115.375057852973097722035148987826
2021-07-11 00:00:00,188795161.553915,88176.777805685160144072,2.880074261805337624,USD Coin,Wrapped Ether,2141.529728761632355855747971648397
2021-07-12 00:00:00,207010709.538234,101727.734671892976705311,3.238809133202351093,USD Coin,Wrapped Ether,2034.119092414500351327123529004205
2021-07-13 00:00:00,201962062.844083,104222.570996168589058311,3.237344727727390779,USD Coin,Wrapped Ether,1937.719091801212551123761635972364
2021-07-14 00:00:00,169432670.819863,85056.135396181075532006,2.677887094491869647,USD Coin,Wrapped Ether,1992.067513367799550915521940573134
2021-07-15 00:00:00,185107629.656799,96664.734859445266533355,2.982970906221634058,USD Coin,Wrapped Ether,1914.867931359919229532095690124133
2021-07-16 00:00:00,178521164.686022,95148.651177515820207335,2.90566456468428771,USD Coin,Wrapped Ether,1875.128310812602557597118218696672
2021-07-17 00:00:00,179574424.219877,94545.015388537025958921,2.904398249692352758,USD Coin,Wrapped Ether,1896.521480623995696172436073686353
2021-07-18 00:00:00,190659015.580835,100536.689088369055423009,3.085508564937260315,USD Coin,Wrapped Ether,1896.080366008555770600227480886129
2021-07-19 00:00:00,188427756.887461,103416.103883797254130993,3.110444891845840313,USD Coin,Wrapped Ether,1821.497015566013594234526896215615
2021-07-20 00:00:00,186494767.469347,104395.704624041684769841,3.108035775090638267,USD Coin,Wrapped Ether,1785.695590367432024876984756658915
2021-07-21 00:00:00,188651095.482482,94501.403822880531885192,2.973263318658556749,USD Coin,Wrapped Ether,1992.521809847410126572804534706548
2021-07-22 00:00:00,199993059.181859,98938.600531812826173684,3.13165104082688663,USD Coin,Wrapped Ether,2020.480007065088455294398863204437
2021-07-23 00:00:00,204499185.97074,96383.150021664505724976,3.125026521333055015,USD Coin,Wrapped Ether,2122.299862578323111001668612479388
2021-07-24 00:00:00,206183904.000812,94473.719597777738812367,3.106211177284039319,USD Coin,Wrapped Ether,2181.848566341357006188839441401813
2021-07-25 00:00:00,205008816.447072,93511.891976634042122553,3.081132628101929289,USD Coin,Wrapped Ether,2193.238948773667736837600446055925
2021-07-26 00:00:00,207670100.636529,93127.664794400210781053,3.092774175169117019,USD Coin,Wrapped Ether,2234.340604550204547199158452101144
2021-07-27 00:00:00,212299177.212139,92522.851870583607932243,3.115913320338093065,USD Coin,Wrapped Ether,2293.027414833510925346879757453482
2021-07-28 00:00:00,214279674.0461,93217.745725171828899477,3.141259394473287263,USD Coin,Wrapped Ether,2295.87036245485513279918790180935
2021-07-29 00:00:00,218266164.421559,91746.682270786033927197,3.144688861844649204,USD Coin,Wrapped Ether,2377.944514021477670428554560714365
2021-07-30 00:00:00,220024723.575448,89260.162073687253714024,3.113558099422618123,USD Coin,Wrapped Ether,2463.825600974401253175838593187079
2021-07-31 00:00:00,217255905.39463,85527.409235039320198268,3.02773227912171015,USD Coin,Wrapped Ether,2537.846450281051103924894586889784
2021-08-01 00:00:00,204027656.224064,79569.211623333625088262,2.829150590287649539,USD Coin,Wrapped Ether,2563.300263808575874050138484401029
2021-08-02 00:00:00,208393545.252167,79763.511176759519786039,2.861942698960645826,USD Coin,Wrapped Ether,2612.343112790766589231166952878181
2021-08-03 00:00:00,218158991.506162,87231.622408965374527556,3.061341909634062523,USD Coin,Wrapped Ether,2502.261741448582941440297248876469
2021-08-04 00:00:00,217961616.651093,80174.080139904568205459,2.93278292794556922,USD Coin,Wrapped Ether,2723.048785749388008716837822439725
2021-08-05 00:00:00,198894053.444243,70324.461401763450010597,2.622608902210561017,USD Coin,Wrapped Ether,2824.655819270297737252031335856303
2021-08-06 00:00:00,196660289.813087,68125.950184567397548194,2.566075898548278881,USD Coin,Wrapped Ether,2885.49054742639973280676286859437
2021-08-07 00:00:00,198902408.278047,62901.071189978046373235,2.478789290566003499,USD Coin,Wrapped Ether,3159.996739425064045409835695921463
2021-08-08 00:00:00,193097228.158989,64059.412263692474443735,2.463942035101064781,USD Coin,Wrapped Ether,3013.873060051929695920689696826478
2021-08-09 00:00:00,198666577.106367,62832.884610574493045865,2.474061679045500016,USD Coin,Wrapped Ether,3163.181777600226436275451254472054
2021-08-10 00:00:00,217640846.398619,69045.705833777615330223,2.713776111165196038,USD Coin,Wrapped Ether,3146.466931030163780507049545629322
2021-08-11 00:00:00,215668313.261569,68096.562606566593444231,2.682112502928319158,USD Coin,Wrapped Ether,3167.483742890819642730397954648089
2021-08-12 00:00:00,225564767.146155,74088.286854363455015634,2.860190750198611001,USD Coin,Wrapped Ether,3042.38497584863818806225998598285
2021-08-13 00:00:00,230967151.052557,69587.205157366123466899,2.804393586585378334,USD Coin,Wrapped Ether,3317.62270118057833643553087217314
2021-08-14 00:00:00,230987887.12311,70667.824834526937643387,2.825697779861611758,USD Coin,Wrapped Ether,3265.935391685541935442742589189306
2021-08-15 00:00:00,232086489.939069,70098.10258787883279114,2.820418926909100928,USD Coin,Wrapped Ether,3308.240491968588810681125827236501
2021-08-16 00:00:00,225881298.689157,71659.270579654943812926,2.812503726039646696,USD Coin,Wrapped Ether,3153.64787120572271700900325127549
2021-08-17 00:00:00,219699798.765388,72913.848478208548617518,2.796989234545265902,USD Coin,Wrapped Ether,3014.20746753133488926862391044975
2021-08-18 00:00:00,222013513.217229,73441.181262095827796553,2.82090526589320977,USD Coin,Wrapped Ether,3022.66777260198370842660088093643
2021-08-19 00:00:00,228368036.97075,71927.093594964706097401,2.830519296002500838,USD Coin,Wrapped Ether,3174.348242210786556226669182578898
2021-08-20 00:00:00,231620862.92439,70629.552117905866360936,2.824273334025423779,USD Coin,Wrapped Ether,3276.80783504400416480502040126841
2021-08-21 00:00:00,230166002.396355,71130.284891481234616251,2.824794590122883256,USD Coin,Wrapped Ether,3234.729019414299182331765679877219
2021-08-22 00:00:00,230369641.224406,70982.242876752261846696,2.822571855707544259,USD Coin,Wrapped Ether,3243.931112181931996403405635092314
2021-08-23 00:00:00,233511569.808027,70244.98455316515533743,2.826421053192074872,USD Coin,Wrapped Ether,3325.471023565220048114901091859949
2021-08-24 00:00:00,226268444.468705,71297.392111792818595667,2.80220024926513558,USD Coin,Wrapped Ether,3174.562123930618605598086121891493
2021-08-25 00:00:00,225770758.561791,70037.80226124259948852,2.773696465407055287,USD Coin,Wrapped Ether,3223.28501151800967866223106791111
2021-08-26 00:00:00,214041390.351747,69048.064216372611153564,2.680932712032969764,USD Coin,Wrapped Ether,3098.595378002378001324140267863493
2021-08-27 00:00:00,213201164.804428,65141.272388520279010961,2.598407524464603559,USD Coin,Wrapped Ether,3272.264407054166078627900350740589
2021-08-28 00:00:00,212052036.757418,65498.422257113406005316,2.598214623325977355,USD Coin,Wrapped Ether,3239.129354560207467120877749216784
2021-08-29 00:00:00,201619696.413638,62517.981985513866561865,2.474697272240055355,USD Coin,Wrapped Ether,3225.442857176940146008436715562044
2021-08-30 00:00:00,201836460.402019,62559.509153434356315343,2.476109370102472286,USD Coin,Wrapped Ether,3227.123463773458533028772042884953
2021-08-31 00:00:00,212790779.421739,61995.791651063667190004,2.530216186943767698,USD Coin,Wrapped Ether,3432.218729021108943258116808508724
2021-09-01 00:00:00,228003862.133831,59586.931579122735094341,2.567014640166142052,USD Coin,Wrapped Ether,3821.549655256542432220379981397153
2021-09-02 00:00:00,218492867.15047,57538.251645950081306352,2.468617420283696984,USD Coin,Wrapped Ether,3793.271831699554655746892556860774
2021-09-03 00:00:00,233184185.484221,59381.359632273612549103,2.590194952399323393,USD Coin,Wrapped Ether,3925.266131908965006140736962398373
2021-09-04 00:00:00,231949099.286119,59725.305658902439985158,2.590460768701843102,USD Coin,Wrapped Ether,3884.641658595375815192296958881578
2021-09-05 00:00:00,234536796.456832,59286.069839267298513848,2.594941248605097149,USD Coin,Wrapped Ether,3954.77447037788836619549296075971
2021-09-06 00:00:00,232811945.1305,59234.206999622385950603,2.583897585216671255,USD Coin,Wrapped Ether,3930.772656157369625861251193858473
2021-09-07 00:00:00,194620777.956021,56727.95824363801012154,2.309003832720615675,USD Coin,Wrapped Ether,3431.443333399850669858146715995957
2021-09-08 00:00:00,183682539.315858,52608.114646518852298597,2.1586191454502263,USD Coin,Wrapped Ether,3491.700032099152756972516480850345
2021-09-09 00:00:00,181052762.446749,52849.362078550662002207,2.14735896059046972,USD Coin,Wrapped Ether,3424.04183829464929817697758822548
2021-09-10 00:00:00,175276940.233687,54677.636910319018298286,2.148030044866090367,USD Coin,Wrapped Ether,3206.726784461505321706749066835711
2021-09-11 00:00:00,169789169.93945,52118.446087301763940432,2.063529996476084863,USD Coin,Wrapped Ether,3256.843204260965284292327486123135
2021-09-12 00:00:00,173977218.531277,50962.436714719134335588,2.064962573864008094,USD Coin,Wrapped Ether,3414.378891188234091642357433652547
2021-09-13 00:00:00,188241989.767434,57165.336525636915457407,2.27379780286157067,USD Coin,Wrapped Ether,3290.043434709572764016501785212581
2021-09-14 00:00:00,191944421.108756,56007.724870666024816833,2.272090392415231337,USD Coin,Wrapped Ether,3426.574512744969794867834973343325
2021-09-15 00:00:00,205590916.15902,57068.812212666752013315,2.373103626552406197,USD Coin,Wrapped Ether,3602.684810066031772390524576755019
2021-09-16 00:00:00,193689997.216427,54333.149014183046111623,2.24686845161562056,USD Coin,Wrapped Ether,3563.685986199529078417488353515475
2021-09-17 00:00:00,194707339.009463,57308.212423139250851538,2.312992448153789822,USD Coin,Wrapped Ether,3395.485474432915867939538830974194
2021-09-18 00:00:00,197340498.845042,57579.201801123029561049,2.333687375116202658,USD Coin,Wrapped Ether,3426.356439732207692507338883069934
2021-09-19 00:00:00,194442637.905713,58523.103123785004261013,2.334988089223190109,USD Coin,Wrapped Ether,3320.342118623469518049679531948487
2021-09-20 00:00:00,164759196.114579,55561.260935258772695438,2.092468287834588248,USD Coin,Wrapped Ether,2965.89678362850666729859793931805
2021-09-21 00:00:00,171844749.496515,62376.331735768995098013,2.262177896971197003,USD Coin,Wrapped Ether,2755.164280843843571887272095362796
2021-09-22 00:00:00,182259531.32639,59429.164487439132577354,2.272877823155367929,USD Coin,Wrapped Ether,3066.720392263320440388349753996553
2021-09-23 00:00:00,186097485.382096,58892.640149494671790392,2.285670361903234369,USD Coin,Wrapped Ether,3153.397073758437382134122729065697
2021-09-24 00:00:00,184762506.411728,63205.575447604267366654,2.357878479657100575,USD Coin,Wrapped Ether,2920.741613072896808892229547168133
2021-09-25 00:00:00,185490665.018452,63276.364228670362447,2.362947259760734963,USD Coin,Wrapped Ether,2931.276251215463863789805684495962
2021-09-26 00:00:00,189352604.660659,61921.987932585391193732,2.360735786385294714,USD Coin,Wrapped Ether,3057.316702909946906018438633756142
2021-09-27 00:00:00,185493258.069508,63209.004706891225916195,2.360017805128887408,USD Coin,Wrapped Ether,2937.33176989431576375185308716421
2021-09-28 00:00:00,181296836.079309,64812.027025321178354277,2.361697932529254352,USD Coin,Wrapped Ether,2800.072075834448637772806066529981
2021-09-29 00:00:00,185409773.767422,65211.421029339137037532,2.394961476834072612,USD Coin,Wrapped Ether,2842.789021194556335446281003046191
2021-09-30 00:00:00,183252701.582067,61161.516333630160011188,2.305198301109055901,USD Coin,Wrapped Ether,2999.014440659982189527174897401416
2021-10-01 00:00:00,192211917.662242,58240.49712308944180781,2.303087641314313705,USD Coin,Wrapped Ether,3298.65168732913705302398494316255
2021-10-02 00:00:00,193316710.017106,57111.962621148915729585,2.286756070739240481,USD Coin,Wrapped Ether,3385.49754537580830132267841163544
2021-10-03 00:00:00,194285408.28818,56780.784337425649811663,2.285344546434629231,USD Coin,Wrapped Ether,3418.369336280980705219736975606037
2021-10-04 00:00:00,193431696.773469,57120.614003797883646363,2.286402072594389731,USD Coin,Wrapped Ether,3386.27721675093689956355241183364
2021-10-05 00:00:00,212205149.352215,60313.162048812150566316,2.460291004397995165,USD Coin,Wrapped Ether,3517.057451916842991433044214586146
2021-10-06 00:00:00,214303727.652074,59733.744860897854800312,2.459694925440950563,USD Coin,Wrapped Ether,3587.83464271048002479729576207756
2021-10-07 00:00:00,213591086.194571,59552.396262291173348112,2.45118729104009744,USD Coin,Wrapped Ether,3581.160563615160454100812748716854
2021-10-08 00:00:00,210207920.704449,59001.888558650427007438,2.419943711324308352,USD Coin,Wrapped Ether,3560.841478937467430175011500660039
2021-10-09 00:00:00,208183877.896692,58103.509419849692983282,2.389500909942700009,USD Coin,Wrapped Ether,3577.620696668843894283914966493254
2021-10-10 00:00:00,203350068.874196,59449.996470268774788698,2.388096681215996974,USD Coin,Wrapped Ether,3419.551236678537442507556759576991
2021-10-11 00:00:00,206167819.650108,58348.731291858472593407,2.381548714919229813,USD Coin,Wrapped Ether,3533.378405855831848810749915018137
2021-10-12 00:00:00,215697246.609184,61675.354639065266472552,2.503561527170264277,USD Coin,Wrapped Ether,3493.77240897878480500946542919948
2021-10-13 00:00:00,227380718.094227,63183.611468573699305452,2.601158070360155439,USD Coin,Wrapped Ether,3599.181299232460178199090947904169
2021-10-14 00:00:00,238635082.759353,63035.479779692273148141,2.660423552775543195,USD Coin,Wrapped Ether,3783.729206280930302046414839308382
2021-10-15 00:00:00,234462614.596504,60807.744652627861136657,2.588894861977286831,USD Coin,Wrapped Ether,3859.235724147984461089510512929967
2021-10-16 00:00:00,234035193.031371,60952.579336327535534596,2.589142665263691526,USD Coin,Wrapped Ether,3838.091612591090442398603799038459
2021-10-17 00:00:00,234069229.922569,60862.24967347721930537,2.586771945766359688,USD Coin,Wrapped Ether,3845.986813958462881757271710193644
2021-10-18 00:00:00,230629469.451603,61673.738571669960826437,2.58391253458369843,USD Coin,Wrapped Ether,3743.362256595835641117268403294301
2021-10-19 00:00:00,237461477.303628,61297.122131778694434758,2.61331218965020377,USD Coin,Wrapped Ether,3876.181522896587182104311518954839
2021-10-20 00:00:00,244700566.400846,58921.407414430144687524,2.600329743791376714,USD Coin,Wrapped Ether,4153.141378219235057487047972582787
2021-10-21 00:00:00,202018768.498237,49798.275522338459011044,2.171236857053696118,USD Coin,Wrapped Ether,4060.562975880757695702475702871585
2021-10-22 00:00:00,200602492.206112,50503.867940369773867751,2.178320037025282957,USD Coin,Wrapped Ether,3970.760898905703520861285026881529
2021-10-23 00:00:00,205170468.28059,49367.118241230934985823,2.177540771132057696,USD Coin,Wrapped Ether,4155.400279851879294215304030529845
2021-10-24 00:00:00,218277765.522771,53611.168492851435380898,2.34006241240848671,USD Coin,Wrapped Ether,4075.98548963629152459597598243302
2021-10-25 00:00:00,206325955.107182,48933.184149344620953994,2.17312376964533128,USD Coin,Wrapped Ether,4214.482237312966372844299294893705
2021-10-26 00:00:00,204130170.312446,49464.426961038662758731,2.172535330868574021,USD Coin,Wrapped Ether,4130.872106481197344478647972326719
2021-10-27 00:00:00,163009650.862062,41505.138572167051859307,1.777619833477029743,USD Coin,Wrapped Ether,3931.958003598073595188874166778895
2021-10-28 00:00:00,170011909.366697,39804.137801381879215114,1.777207628525486334,USD Coin,Wrapped Ether,4271.426408154064045329261088139964
