date,reserve0,reserve1,token0.name,token1.name,priceUSD
2021-01-02 00:00:00,74242441.170855,95649.633857156044263127,USD//C,Wrapped Ether,775.3145470709969168650930675429555
2021-01-03 00:00:00,81874996.162872,83736.966410609312342016,USD//C,Wrapped Ether,975.9260163513460450868486890759849
2021-01-04 00:00:00,101508029.183392,97501.699407595696019716,USD//C,Wrapped Ether,1040.41733250879698135198395032191
2021-01-05 00:00:00,107112484.913049,96967.739780865723335466,USD//C,Wrapped Ether,1101.743835588448240357620915989441
2021-01-06 00:00:00,113042130.650322,93402.643438810046023733,USD//C,Wrapped Ether,1210.474342328727274877178154724958
2021-01-07 00:00:00,116476204.896108,95371.982809325067923549,USD//C,Wrapped Ether,1221.68432271028633339676045540273
2021-01-08 00:00:00,116668272.771424,95718.32558648652442122,USD//C,Wrapped Ether,1218.588417951225949368630856339548
2021-01-09 00:00:00,116981782.654613,91041.413369525688121794,USD//C,Wrapped Ether,1283.256884131632510399257519118098
2021-01-10 00:00:00,115833157.968866,92050.303036558835740076,USD//C,Wrapped Ether,1259.743164654006005770786985168967
2021-01-11 00:00:00,110555180.730886,101511.341825627069963023,USD//C,Wrapped Ether,1088.253022137701912587784675677617
2021-01-12 00:00:00,110842016.80642,106061.491828268363324571,USD//C,Wrapped Ether,1046.005815519000331803675961281608
2021-01-13 00:00:00,117105654.635622,103745.475630828487305035,USD//C,Wrapped Ether,1128.354543712579578759136910226235
2021-01-14 00:00:00,123015904.636944,100338.242788808056574451,USD//C,Wrapped Ether,1225.864584947348262687801936310545
2021-01-15 00:00:00,124464540.456811,106385.798593177105270668,USD//C,Wrapped Ether,1170.101407864539097508318444459811
2021-01-16 00:00:00,132031832.64064,107102.706121335393172793,USD//C,Wrapped Ether,1232.231464216576582876475422604467
2021-01-17 00:00:00,132419137.192827,107628.205941961721568845,USD//C,Wrapped Ether,1229.977898472526947816164399461102
2021-01-18 00:00:00,134570069.52821,107151.326633264860846853,USD//C,Wrapped Ether,1255.893575973334019114421592429052
2021-01-19 00:00:00,128592100.660624,93562.671221736183192346,USD//C,Wrapped Ether,1374.809870379923056124069847339803
2021-01-20 00:00:00,129377405.845579,93755.839384647962913908,USD//C,Wrapped Ether,1378.749089474629604817017920612641
2021-01-21 00:00:00,113114823.349806,101279.312509861578839876,USD//C,Wrapped Ether,1115.421753089764567656584562254647
2021-01-22 00:00:00,134852591.71758,109057.482291282807566961,USD//C,Wrapped Ether,1235.143596377582147949206251312714
2021-01-23 00:00:00,142021554.032232,115436.093795808257859349,USD//C,Wrapped Ether,1229.559266001848954403111133412516
2021-01-24 00:00:00,152339112.699035,109203.875272743211868006,USD//C,Wrapped Ether,1394.646310416331029700766298159022
2021-01-25 00:00:00,148163255.946146,112281.706638510649077391,USD//C,Wrapped Ether,1320.482331230494460507455385182386
2021-01-26 00:00:00,155567216.819152,114179.239090186756944181,USD//C,Wrapped Ether,1362.270710017054135073036344720446
2021-01-27 00:00:00,150027590.81972,120485.295279283731305216,USD//C,Wrapped Ether,1244.135196105608759869374891785532
2021-01-28 00:00:00,154044062.814131,115477.069759409012004876,USD//C,Wrapped Ether,1333.124079469421949352846432033462
2021-01-29 00:00:00,156023969.399294,112610.243732940406858197,USD//C,Wrapped Ether,1383.573281576338241868574883066208
2021-01-30 00:00:00,151113074.075301,109727.625113407137617641,USD//C,Wrapped Ether,1377.102787255119866789433625171875
2021-01-31 00:00:00,144974837.636682,110593.890148029362646096,USD//C,Wrapped Ether,1313.289145891625894443946448109981
2021-02-01 00:00:00,147899140.213595,107961.044403895424330245,USD//C,Wrapped Ether,1370.761683609194908427900707433978
2021-02-02 00:00:00,149326837.202563,98502.9826004378037454,USD//C,Wrapped Ether,1514.760169195885065580718860496022
2021-02-03 00:00:00,157592578.97921,94547.446828334836475832,USD//C,Wrapped Ether,1663.923265257387991638540639858274
2021-02-04 00:00:00,151052491.018157,94735.714955958854995371,USD//C,Wrapped Ether,1596.803736114961310655405037662801
2021-02-05 00:00:00,157294602.042085,91557.271649500324254443,USD//C,Wrapped Ether,1718.616997620120780598108260330842
2021-02-06 00:00:00,146450971.327683,87047.267145328229263728,USD//C,Wrapped Ether,1678.762938418572682651215638529146
2021-02-07 00:00:00,140925700.064181,86969.425977686486496418,USD//C,Wrapped Ether,1618.520631192303147686365752003037
2021-02-08 00:00:00,149093824.809254,85360.915446717840171237,USD//C,Wrapped Ether,1746.480620557524422583178087507208
2021-02-09 00:00:00,151006845.911608,85280.663120364826054692,USD//C,Wrapped Ether,1770.351017399433414897771319871627
2021-02-10 00:00:00,151392506.649866,86627.78587197138759445,USD//C,Wrapped Ether,1746.226153472484905203196831395675
2021-02-11 00:00:00,156286849.957866,87611.310257922064629429,USD//C,Wrapped Ether,1781.793191518175877043990077697018
2021-02-12 00:00:00,159189278.752092,86518.61096842453144772,USD//C,Wrapped Ether,1840.215919442589250280947688194045
2021-02-13 00:00:00,158590536.598589,87473.913268632234348923,USD//C,Wrapped Ether,1810.995955018996479563779151193224
2021-02-14 00:00:00,174572361.135396,96482.419161817418734164,USD//C,Wrapped Ether,1806.437044916018034744192348880796
2021-02-15 00:00:00,172860585.996879,97371.196788338776095758,USD//C,Wrapped Ether,1776.61593511819362062447575788258
2021-02-16 00:00:00,172805170.792641,97184.56819699057044732,USD//C,Wrapped Ether,1778.385977989830228407667070555293
2021-02-17 00:00:00,176836132.29677,95863.156278516968816159,USD//C,Wrapped Ether,1847.210785507228143677116605306308
2021-02-18 00:00:00,180585138.960793,93448.40063047583897738,USD//C,Wrapped Ether,1933.217600622163172420979925884174
2021-02-19 00:00:00,181123664.118614,92666.710744685261365263,USD//C,Wrapped Ether,1956.85179886437373393176840467334
2021-02-20 00:00:00,178962292.853789,93379.522903636031975498,USD//C,Wrapped Ether,1915.195005431063118104250617535181
2021-02-21 00:00:00,168378831.518901,87328.595387314857593861,USD//C,Wrapped Ether,1928.373983301102380026240395124755
2021-02-22 00:00:00,111231006.947078,62525.188779350094953238,USD//C,Wrapped Ether,1778.00949574954197038732124047794
2021-02-23 00:00:00,103497692.124182,65807.567487935530318232,USD//C,Wrapped Ether,1569.943356276967276941581330808798
2021-02-24 00:00:00,107334013.05821,66222.752818543946443905,USD//C,Wrapped Ether,1622.130622519012734874285180308713
2021-02-25 00:00:00,103172990.579272,69737.510139648902213301,USD//C,Wrapped Ether,1479.167204176220534037270351685325
2021-02-26 00:00:00,75022369.995455,52072.026528555164699499,USD//C,Wrapped Ether,1441.894039772400857154966707608776
2021-02-27 00:00:00,83754472.456948,57193.995102444510973453,USD//C,Wrapped Ether,1461.161760894954764135013893499029
2021-02-28 00:00:00,123016968.606037,86604.252909048910540884,USD//C,Wrapped Ether,1419.13257450192394188567105344773
2021-03-01 00:00:00,134541910.94116,85850.373587079258595241,USD//C,Wrapped Ether,1567.601616884822635273813034091803
2021-03-02 00:00:00,119432483.335606,80050.845066496958081164,USD//C,Wrapped Ether,1491.024724243690058451040272323521
2021-03-03 00:00:00,118757261.113126,75452.144868843426862091,USD//C,Wrapped Ether,1573.220406068399130523662474155964
2021-03-04 00:00:00,118364047.616349,77257.274543429091914046,USD//C,Wrapped Ether,1535.92761515632524075493361075751
2021-03-05 00:00:00,119119697.683926,77760.123680602437313368,USD//C,Wrapped Ether,1529.073726356420044092450412957032
2021-03-06 00:00:00,125969256.327414,76191.439332735428243639,USD//C,Wrapped Ether,1652.329171204599172114131792919252
2021-03-07 00:00:00,128810737.632048,74542.308539447994884654,USD//C,Wrapped Ether,1729.568979140013210393028206922103
2021-03-08 00:00:00,134361510.522191,73320.71944666499935427,USD//C,Wrapped Ether,1832.945376652155710850633808342259
2021-03-09 00:00:00,137670797.936186,73647.572830328980884498,USD//C,Wrapped Ether,1868.583525890820444706005236479758
2021-03-10 00:00:00,136369083.654107,75693.517400770567394444,USD//C,Wrapped Ether,1800.537162760140882500928432656207
2021-03-11 00:00:00,137916516.951422,75707.12706005453245271,USD//C,Wrapped Ether,1824.529513912912314334525876382178
2021-03-12 00:00:00,136642283.521858,77260.445340337182545761,USD//C,Wrapped Ether,1768.273750965904341029486051021167
2021-03-13 00:00:00,140766298.265932,73067.122262839945771426,USD//C,Wrapped Ether,1927.312134985216619336359998757469
2021-03-14 00:00:00,139206028.781707,75188.406181735364823907,USD//C,Wrapped Ether,1853.547346202426263032980095981678
2021-03-15 00:00:00,136389158.82252,76231.822402881634062927,USD//C,Wrapped Ether,1788.391246229672238382572548587071
2021-03-16 00:00:00,128111936.408535,71143.214328805805734775,USD//C,Wrapped Ether,1800.959099352766319389534366540411
2021-03-17 00:00:00,128964949.212382,70836.504890398426137894,USD//C,Wrapped Ether,1823.507178500705186808021123525388
2021-03-18 00:00:00,127706000.711186,71746.3605075782417364,USD//C,Wrapped Ether,1778.85098684165670662065331690169
2021-03-19 00:00:00,129990726.484637,71876.127695505362777643,USD//C,Wrapped Ether,1807.604599743042580599887514821981
2021-03-20 00:00:00,130287509.770123,71967.129459512509838902,USD//C,Wrapped Ether,1809.114106230393504908287830192406
2021-03-21 00:00:00,132644582.123956,74399.363788746239941195,USD//C,Wrapped Ether,1782.08782062251704977974663309068
2021-03-22 00:00:00,130772425.884923,77863.800097266937881849,USD//C,Wrapped Ether,1681.385896035168720904385196787517
2021-03-23 00:00:00,116284347.689079,69803.577666581212719978,USD//C,Wrapped Ether,1669.038945313620122863467425866961
2021-03-24 00:00:00,119919515.759973,75820.522464890706587711,USD//C,Wrapped Ether,1584.718635648443968446502491914845
2021-03-25 00:00:00,119055159.949465,74889.659830885065702979,USD//C,Wrapped Ether,1591.091067572618258889175345571963
2021-03-26 00:00:00,126415578.19292,74406.474352503672324764,USD//C,Wrapped Ether,1696.799547067369474670851739818491
2021-03-27 00:00:00,134245576.260717,78231.027868636148713384,USD//C,Wrapped Ether,1716.946129907537226514524692700341
2021-03-28 00:00:00,134117354.284343,79555.331722526653523549,USD//C,Wrapped Ether,1685.849087781564682409518674835839
2021-03-29 00:00:00,137930077.637512,76097.989708566213795685,USD//C,Wrapped Ether,1813.626857813313826974108690242228
2021-03-30 00:00:00,138604528.384297,75525.643450075386449093,USD//C,Wrapped Ether,1838.830339466855887000257501980257
2021-03-31 00:00:00,144549753.752588,75255.982840671925602217,USD//C,Wrapped Ether,1918.342815322769807789338501669373
2021-04-01 00:00:00,140834312.340274,71501.958284769872576203,USD//C,Wrapped Ether,1972.425951181143917787588157017523
2021-04-02 00:00:00,151328688.836752,71073.395442971169007148,USD//C,Wrapped Ether,2132.028808049444014009787533571761
2021-04-03 00:00:00,146977072.713522,73144.493568772915691969,USD//C,Wrapped Ether,2012.023138698471297481206165264354
2021-04-04 00:00:00,147551203.328062,71527.950397832691334864,USD//C,Wrapped Ether,2068.667966592383792400983235586566
2021-04-05 00:00:00,149524704.511764,71194.018285169082915129,USD//C,Wrapped Ether,2099.880098882945711293688014341482
2021-04-06 00:00:00,151392212.783866,71629.973520417380678843,USD//C,Wrapped Ether,2114.022839055910349682076268892729
2021-04-07 00:00:00,146837672.540569,74677.423484047322528439,USD//C,Wrapped Ether,1963.336308846843227815018264364638
2021-04-08 00:00:00,140749071.78262,67774.679624138919835179,USD//C,Wrapped Ether,2076.632254561638855064597526752317
2021-04-09 00:00:00,137147407.761066,66587.814156000287056088,USD//C,Wrapped Ether,2062.572319640902182944996323125008
2021-04-10 00:00:00,139816303.274951,65509.177447333069201802,USD//C,Wrapped Ether,2133.080420688393789667877797848555
2021-04-11 00:00:00,143575226.950636,66927.053098819953227696,USD//C,Wrapped Ether,2145.367133154610359769877069263635
2021-04-12 00:00:00,145245184.410107,67807.286615427096239125,USD//C,Wrapped Ether,2144.687426757200044338732810819271
2021-04-13 00:00:00,152265196.371034,66282.107507926318797337,USD//C,Wrapped Ether,2298.205214574670660817308753734685
2021-04-14 00:00:00,155844781.254951,64276.834315071984280011,USD//C,Wrapped Ether,2423.457737225442300208865365793033
2021-04-15 00:00:00,156913200.428559,62384.028679044927014822,USD//C,Wrapped Ether,2513.211709521150408580008339793153
2021-04-16 00:00:00,154910256.09288,63811.575374283810956874,USD//C,Wrapped Ether,2426.4508874367413953041241130241
2021-04-17 00:00:00,156493187.1196,67351.501840445104651625,USD//C,Wrapped Ether,2322.149993897004316943270529553896
2021-04-18 00:00:00,154717288.806506,69183.068680698458269835,USD//C,Wrapped Ether,2235.927951603935423325019334519642
2021-04-19 00:00:00,153278072.013952,70741.735277217852831945,USD//C,Wrapped Ether,2164.450397776854160996063964437101
2021-04-20 00:00:00,161470433.782363,69382.766453319524322928,USD//C,Wrapped Ether,2331.04410608730624779374048941989
2021-04-21 00:00:00,172112329.431869,72786.326761343516972705,USD//C,Wrapped Ether,2364.776284067254916171636117541914
2021-04-22 00:00:00,179320434.074353,74668.776412849397597336,USD//C,Wrapped Ether,2401.159817688562461969337469443766
2021-04-23 00:00:00,181425364.652403,76524.533201369520769978,USD//C,Wrapped Ether,2365.467094935670284858085456568612
2021-04-24 00:00:00,177237530.673494,80081.069185567395860236,USD//C,Wrapped Ether,2213.269195666937164803530287631742
2021-04-25 00:00:00,183274926.135019,79206.746947818738425382,USD//C,Wrapped Ether,2314.544734000812165346466757316276
2021-04-26 00:00:00,194992978.245861,76922.169465958996044441,USD//C,Wrapped Ether,2531.474976974758635220246909774225
2021-04-27 00:00:00,199257740.912028,74948.609302106970397899,USD//C,Wrapped Ether,2657.789571153640871951301004417789
2021-04-28 00:00:00,205229455.752199,74755.982376609858070691,USD//C,Wrapped Ether,2743.605544510615417784253073839449
2021-04-29 00:00:00,208531162.205631,75530.837987713541609236,USD//C,Wrapped Ether,2757.800925575845949112998246317409
2021-04-30 00:00:00,206956620.218795,74722.914476619509626992,USD//C,Wrapped Ether,2771.787375074326005872894404999597
2021-05-01 00:00:00,213367876.5041,72486.947863047911933994,USD//C,Wrapped Ether,2942.415109937576012024666306308406
2021-05-02 00:00:00,214555572.728287,72748.736705663277222585,USD//C,Wrapped Ether,2947.040416947217628770729510023026
2021-05-03 00:00:00,227992455.110094,66576.36070394774645005,USD//C,Wrapped Ether,3425.722822756163611160138925590033
2021-05-04 00:00:00,217607980.297304,67032.361688438258245679,USD//C,Wrapped Ether,3244.981582159085227464730080939232
2021-05-05 00:00:00,215366571.97943,61211.865831792300227036,USD//C,Wrapped Ether,3518.206256000763904897008343764563
2021-05-06 00:00:00,191786688.710617,54836.498284764150811462,USD//C,Wrapped Ether,3496.116199989852449867221682700062
2021-05-07 00:00:00,181806570.586949,52256.941756066784222773,USD//C,Wrapped Ether,3481.11899865438117217076876024513
2021-05-08 00:00:00,184595894.347321,47262.041138366610847075,USD//C,Wrapped Ether,3906.092403713435917607461749350141
2021-05-09 00:00:00,175688676.787239,44811.742723997984927163,USD//C,Wrapped Ether,3918.815312924733869760123035899779
2021-05-10 00:00:00,173657552.517339,44030.952530747246972374,USD//C,Wrapped Ether,3946.664725840027355252815842395587
2021-05-11 00:00:00,175481571.729201,42116.692327164299569694,USD//C,Wrapped Ether,4167.839971669392239675822476759074
2021-05-12 00:00:00,166225176.215259,43548.74978724322318863,USD//C,Wrapped Ether,3817.7215033744482690324444102361
2021-05-13 00:00:00,163741738.829517,44002.901224838787942713,USD//C,Wrapped Ether,3721.098365449099349776485031577454
2021-05-14 00:00:00,168576330.714176,41242.141782448610653466,USD//C,Wrapped Ether,4086.183276226421659946966013677462
2021-05-15 00:00:00,158866786.99468,43603.900382892192447992,USD//C,Wrapped Ether,3642.534557340145099178216825384355
2021-05-16 00:00:00,157371724.690153,43926.549299409326228182,USD//C,Wrapped Ether,3583.761902937442837011855365996189
2021-05-17 00:00:00,149778333.537006,45541.042924188714430813,USD//C,Wrapped Ether,3287.426019060129563768242374873348
2021-05-18 00:00:00,151293936.904551,44673.50237398989938013,USD//C,Wrapped Ether,3384.423920075595782909251249960997
2021-05-19 00:00:00,108045054.515599,43967.930257387295144008,USD//C,Wrapped Ether,2453.733081122075417930528987563399
2021-05-20 00:00:00,115103840.189385,41434.751920037634008164,USD//C,Wrapped Ether,2777.162383973812581590015275521002
2021-05-21 00:00:00,109280857.193834,44978.136242010872041106,USD//C,Wrapped Ether,2426.581511298476873204800287440745
2021-05-22 00:00:00,106974547.818535,46652.618916176962285456,USD//C,Wrapped Ether,2293.148035446579390664229314808747
2021-05-23 00:00:00,114884630.075818,54601.612394610805101311,USD//C,Wrapped Ether,2104.508156614223769148860342253192
2021-05-24 00:00:00,151643480.3267,57414.327919439797574948,USD//C,Wrapped Ether,2640.371210266738328988615105079697
2021-05-25 00:00:00,154634824.47714,57238.348012249050710996,USD//C,Wrapped Ether,2700.971555598284542350104038779208
2021-05-26 00:00:00,158688908.096767,55030.131207069551100739,USD//C,Wrapped Ether,2881.159778653211561352101032972163
2021-05-27 00:00:00,139353591.753215,50837.844364219410979213,USD//C,Wrapped Ether,2741.623809645900182370685768879532
2021-05-28 00:00:00,126699403.555369,52360.242547051342240307,USD//C,Wrapped Ether,2417.947022392057016395715061558865
2021-05-29 00:00:00,128258673.872614,56207.010530262143069607,USD//C,Wrapped Ether,2281.176509569692815795154268495489
2021-05-30 00:00:00,133955454.020394,56020.038432883615390597,USD//C,Wrapped Ether,2389.314660197253992727205110250349
2021-05-31 00:00:00,140631963.424924,51988.625628067706667415,USD//C,Wrapped Ether,2705.914599066110745316297266550412
2021-06-01 00:00:00,137571475.11169,52205.063361385517839779,USD//C,Wrapped Ether,2631.170498383245986815158158915085
2021-06-02 00:00:00,143411795.514937,52895.250395762047528947,USD//C,Wrapped Ether,2712.041162751891438173075402885807
2021-06-03 00:00:00,146102894.507851,51170.53851124143616048,USD//C,Wrapped Ether,2855.470198712424052713966888961621
2021-06-04 00:00:00,133924429.598766,49928.379956710708188391,USD//C,Wrapped Ether,2686.553411446402671505807205279113
2021-06-05 00:00:00,135717171.233104,51745.5568905487189792,USD//C,Wrapped Ether,2623.658279340929080018349158958404
2021-06-06 00:00:00,139627089.8199,51599.706149731775730978,USD//C,Wrapped Ether,2704.94320386571878597781857177992
2021-06-07 00:00:00,133060401.746967,51455.861195492101905975,USD//C,Wrapped Ether,2584.299779215443412628693109490651
2021-06-08 00:00:00,128292030.819602,51104.604405529797808296,USD//C,Wrapped Ether,2509.163297844465982172367023853653
2021-06-09 00:00:00,131030454.705421,50255.87177826704607722,USD//C,Wrapped Ether,2606.27939134625122023686117690593
2021-06-10 00:00:00,120606903.992503,48789.713097754055611311,USD//C,Wrapped Ether,2470.354998709753343583230116106008
2021-06-11 00:00:00,118488483.268688,50424.172480984008769768,USD//C,Wrapped Ether,2349.615257098239767786288671791152
2021-06-12 00:00:00,118216751.35683,49806.235251678117576143,USD//C,Wrapped Ether,2373.015897798206585245883789043019
2021-06-13 00:00:00,127133161.025539,50710.315639385414488602,USD//C,Wrapped Ether,2506.324987451199869801900575136066
2021-06-14 00:00:00,127423497.263608,49486.409539613626430058,USD//C,Wrapped Ether,2575.477463319915354240551767655633
2021-06-15 00:00:00,126267566.401998,49508.53853077275208711,USD//C,Wrapped Ether,2550.969925690528779257093695018291
2021-06-16 00:00:00,118941403.886867,50357.807963074654542604,USD//C,Wrapped Ether,2360.79148703821581578531820222863
2021-06-17 00:00:00,118684480.092389,50113.535489938192061216,USD//C,Wrapped Ether,2370.14964738419384745544414920246
2021-06-18 00:00:00,99824759.915509,44630.035783289853304632,USD//C,Wrapped Ether,2232.264123138657039169689152266622
2021-06-19 00:00:00,95945940.274993,44165.811759630535303296,USD//C,Wrapped Ether,2170.697313018871632811153407073446
2021-06-20 00:00:00,93222799.898798,41622.187493188885111444,USD//C,Wrapped Ether,2238.740081793423624778092650838548
2021-06-21 00:00:00,85394747.728871,45305.792777157120572696,USD//C,Wrapped Ether,1887.509898931465755559469894433275
2021-06-22 00:00:00,98895329.222685,52828.877538278748953626,USD//C,Wrapped Ether,1872.161485143677517309910619522623
2021-06-23 00:00:00,102935078.627323,52251.000816547637555526,USD//C,Wrapped Ether,1969.600651956742783137768962594498
2021-06-24 00:00:00,143888446.113875,72385.762570097897478126,USD//C,Wrapped Ether,1987.844726034651031383872508901458
2021-06-25 00:00:00,141241388.948354,77768.734585537655509578,USD//C,Wrapped Ether,1815.941381904690324677415571444749
2021-06-26 00:00:00,139972158.859636,76648.958767116952554115,USD//C,Wrapped Ether,1825.414419637012906831596909676939
2021-06-27 00:00:00,134795532.839945,68135.578012544694196846,USD//C,Wrapped Ether,1977.884101339238821042062972270432
2021-06-28 00:00:00,138730965.525962,66690.725339647483814417,USD//C,Wrapped Ether,2078.098660352842198566711114892506
2021-06-29 00:00:00,151507031.19778,69990.808304504539977092,USD//C,Wrapped Ether,2162.451816746501887079993931007992
2021-06-30 00:00:00,155028456.134653,68156.293084601118436926,USD//C,Wrapped Ether,2273.813595779090304413624892194801
2021-07-01 00:00:00,159686138.744123,75627.3830009171675124,USD//C,Wrapped Ether,2112.518654150370564196233965189101
2021-07-02 00:00:00,160419092.387642,74624.858357751741055033,USD//C,Wrapped Ether,2149.227232173791538878388005550463
2021-07-03 00:00:00,151263167.790926,67959.853154449651742287,USD//C,Wrapped Ether,2225.265247399311773511332900936087
2021-07-04 00:00:00,153650975.959724,66000.807651775600547769,USD//C,Wrapped Ether,2327.212743328653559006180943606198
2021-07-05 00:00:00,161546754.333206,73353.840749728189715461,USD//C,Wrapped Ether,2203.008510271923281812517531848674
2021-07-06 00:00:00,166307685.042134,71664.107329209424059947,USD//C,Wrapped Ether,2321.460207592136521196712540596891
2021-07-07 00:00:00,163864616.629295,70793.412569371270469914,USD//C,Wrapped Ether,2316.321677315728613699575140806115
2021-07-08 00:00:00,146367777.970779,69053.174654988588688124,USD//C,Wrapped Ether,2119.865506193208080772072238191817
2021-07-09 00:00:00,147552341.873772,68542.123157539919058726,USD//C,Wrapped Ether,2153.008692979488870989026373195692
2021-07-10 00:00:00,145884305.168274,68964.863504671592176619,USD//C,Wrapped Ether,2115.008568304580989886053859123272
2021-07-11 00:00:00,146278973.943931,68291.545154618867796692,USD//C,Wrapped Ether,2141.075595006463327602358659811631
2021-07-12 00:00:00,133457634.107966,65571.791402573595631765,USD//C,Wrapped Ether,2035.935734406941570437635855149425
2021-07-13 00:00:00,128943768.99379,66490.015343994570114005,USD//C,Wrapped Ether,1938.987847363681225165910072616033
2021-07-14 00:00:00,130659967.259049,65569.62357570205585344,USD//C,Wrapped Ether,1992.220768043413931250434878236106
2021-07-15 00:00:00,135732884.207231,70853.172388352686575116,USD//C,Wrapped Ether,1915.427006099117049375460671833595
2021-07-16 00:00:00,134016522.445217,71509.390584709775216103,USD//C,Wrapped Ether,1874.396741116812711319832144442601
2021-07-17 00:00:00,134860969.135667,71140.812859577951100986,USD//C,Wrapped Ether,1895.801788484650825110746027361151
2021-07-18 00:00:00,121953388.316649,64269.804076033049042693,USD//C,Wrapped Ether,1896.790763377634437030184610902094
2021-07-19 00:00:00,119343815.511175,65568.663734995356916659,USD//C,Wrapped Ether,1820.137541469917800697807158966662
2021-07-20 00:00:00,117869446.8223,65982.146836002549643132,USD//C,Wrapped Ether,1783.888258781138696620862410293954
2021-07-21 00:00:00,133421029.285165,67043.117596114644349244,USD//C,Wrapped Ether,1990.19226283487341517195999205271
2021-07-22 00:00:00,134344573.165057,66451.61065240880955681,USD//C,Wrapped Ether,2020.748749849230850819234908667756
2021-07-23 00:00:00,137526759.496025,64815.863051521373367524,USD//C,Wrapped Ether,2120.119780313964681204003884664184
2021-07-24 00:00:00,130812202.90369,59926.614842215311556544,USD//C,Wrapped Ether,2182.245011207097313361018256408884
2021-07-25 00:00:00,131058888.038982,59848.823553716177733817,USD//C,Wrapped Ether,2190.380542474696229472586952847497
2021-07-26 00:00:00,132604219.393009,59275.069231597667901009,USD//C,Wrapped Ether,2236.394772755420685817429221019107
2021-07-27 00:00:00,136378868.324257,59413.860865697717687004,USD//C,Wrapped Ether,2294.181236513169507106479466401711
2021-07-28 00:00:00,136506578.069035,59407.765040112128102694,USD//C,Wrapped Ether,2297.797402239242629774677654415257
2021-07-29 00:00:00,138961068.413458,58401.358019840085667325,USD//C,Wrapped Ether,2378.513220461732887473349547864288
2021-07-30 00:00:00,141356009.883268,57210.484895650575174071,USD//C,Wrapped Ether,2468.470493925935386249844147842157
2021-07-31 00:00:00,143364614.99495,56399.387255146740088231,USD//C,Wrapped Ether,2538.869042401298960745487969776795
2021-08-01 00:00:00,142829400.656798,55682.0351079126577909,USD//C,Wrapped Ether,2564.632771805776819399672061020694
2021-08-02 00:00:00,144262724.556995,55237.108511184123004432,USD//C,Wrapped Ether,2611.130283232106920199844176162706
2021-08-03 00:00:00,141242422.5738,56407.269200488668314116,USD//C,Wrapped Ether,2504.635409522756404943840303636758
2021-08-04 00:00:00,147278166.524259,54085.363557177006630626,USD//C,Wrapped Ether,2725.136130027666024656723389284793
2021-08-05 00:00:00,150360039.722125,53225.39285893455060061,USD//C,Wrapped Ether,2825.047668973328551726785583118943
2021-08-06 00:00:00,150280526.977297,52061.822531287760822993,USD//C,Wrapped Ether,2885.633708650034715105667145726475
2021-08-07 00:00:00,152114170.183294,48137.271781958926412023,USD//C,Wrapped Ether,3158.48064900112965636179537565161
2021-08-08 00:00:00,148378786.483754,49254.793392410840349021,USD//C,Wrapped Ether,3012.689772090550415777648947601412
2021-08-09 00:00:00,152508411.560162,48252.073030235424503813,USD//C,Wrapped Ether,3160.704789387969448465646997396902
2021-08-10 00:00:00,152195477.848815,48469.296641350584541477,USD//C,Wrapped Ether,3141.381260634999340060057027319033
2021-08-11 00:00:00,152457360.329396,48052.216495215968862376,USD//C,Wrapped Ether,3171.932304752063190771406471406793
2021-08-12 00:00:00,149304285.494514,49086.540158208442597284,USD//C,Wrapped Ether,3041.59178473437957126810634257115
2021-08-13 00:00:00,155880384.656505,46952.859808179767637992,USD//C,Wrapped Ether,3315.939742295347125612703228411112
2021-08-14 00:00:00,154817987.765236,47309.246431013004253861,USD//C,Wrapped Ether,3268.702127207370870452979827963284
2021-08-15 00:00:00,155310267.615614,46979.877761083649312939,USD//C,Wrapped Ether,3308.45727001465333750392333464772
2021-08-16 00:00:00,151638651.013545,48118.822537894492382315,USD//C,Wrapped Ether,3151.622085020144883662071292633702
2021-08-17 00:00:00,148341724.486538,49281.189299141504038861,USD//C,Wrapped Ether,3012.009939592283621699936390631863
2021-08-18 00:00:00,148016066.966494,48965.531451154795849359,USD//C,Wrapped Ether,3022.904376871282902861510193764949
2021-08-19 00:00:00,98042387.103098,30850.185170389441241094,USD//C,Wrapped Ether,3175.699802362921101459551218155953
2021-08-20 00:00:00,99504380.496332,30360.085032902293641435,USD//C,Wrapped Ether,3275.83585132936506369746182985778
2021-08-21 00:00:00,98922100.730083,30585.654931198239376747,USD//C,Wrapped Ether,3235.100524399812144067905208392597
2021-08-22 00:00:00,99256943.887453,30578.25055294884468462,USD//C,Wrapped Ether,3243.152203153184736793146078742197
2021-08-23 00:00:00,100337155.184886,30178.057000483471124592,USD//C,Wrapped Ether,3323.617477935320212684405083865194
2021-08-24 00:00:00,97970157.47794,30870.217380590463310097,USD//C,Wrapped Ether,3174.167785374348497122576158561341
2021-08-25 00:00:00,99192871.995208,30816.644507606618788946,USD//C,Wrapped Ether,3219.747038282504792938941708441832
2021-08-26 00:00:00,113254897.084489,36523.782317973295094443,USD//C,Wrapped Ether,3102.587045045668089904511702270935
2021-08-27 00:00:00,118836538.165095,36318.370235294763366087,USD//C,Wrapped Ether,3271.43036093378705487010766037569
2021-08-28 00:00:00,118260709.943858,36547.921354864234409877,USD//C,Wrapped Ether,3237.069416901754632887020113072759
2021-08-29 00:00:00,122959739.791376,38028.927606852298743116,USD//C,Wrapped Ether,3232.13506811008852383721731663497
2021-08-30 00:00:00,122776947.76852,38076.678859025882668215,USD//C,Wrapped Ether,3223.183847034921540788164899854001
2021-08-31 00:00:00,123448203.773337,35969.263214810145581895,USD//C,Wrapped Ether,3429.27604109041836724124735292876
2021-09-01 00:00:00,110256975.260459,28835.828381851588961244,USD//C,Wrapped Ether,3822.875931177382857069710090675196
2021-09-02 00:00:00,109584096.52295,28878.071494142121490323,USD//C,Wrapped Ether,3794.462503874518956082791178897515
2021-09-03 00:00:00,113209226.228895,28822.849226082402437289,USD//C,Wrapped Ether,3927.673052062858688650051868199851
2021-09-04 00:00:00,113328217.208739,29169.431489874719230752,USD//C,Wrapped Ether,3886.172556653226929511223279211596
2021-09-05 00:00:00,114051914.983977,28858.548481764294018605,USD//C,Wrapped Ether,3952.12920561306105735544603504772
2021-09-06 00:00:00,113600234.64424,28895.810856806753544265,USD//C,Wrapped Ether,3928.1966419201236489939456789434
2021-09-07 00:00:00,106347229.152706,30995.067657810008331939,USD//C,Wrapped Ether,3432.011090340408820827062514752884
2021-09-08 00:00:00,107382874.579305,30748.425263926041084879,USD//C,Wrapped Ether,3493.282638022652675546666704519548
2021-09-09 00:00:00,105011388.186454,30649.658456927098873188,USD//C,Wrapped Ether,3430.208518873439497594208234828485
2021-09-10 00:00:00,101630233.987062,31662.042005935507122057,USD//C,Wrapped Ether,3206.488003967834494613478320998264
2021-09-11 00:00:00,102362941.219885,31415.104574876583822827,USD//C,Wrapped Ether,3259.072403951424561094860006294489
2021-09-12 00:00:00,104738871.339512,30728.328789523139503675,USD//C,Wrapped Ether,3410.866989567460361149552010897515
2021-09-13 00:00:00,102950131.351962,31296.480626289934659126,USD//C,Wrapped Ether,3288.21961027836960188003436160152
2021-09-14 00:00:00,105012420.248728,30634.337160570614344526,USD//C,Wrapped Ether,3425.565876759837002475297604556308
2021-09-15 00:00:00,107689205.524342,29893.686251202039838832,USD//C,Wrapped Ether,3602.297926033203019923253822114323
2021-09-16 00:00:00,107142888.979721,30024.689550244855743831,USD//C,Wrapped Ether,3568.095410095959984791657151957278
2021-09-17 00:00:00,104704536.884001,30817.753349054829453336,USD//C,Wrapped Ether,3395.738572979314190516628345300465
2021-09-18 00:00:00,105247591.01418,30688.848529321075050084,USD//C,Wrapped Ether,3427.828550585735177846187737274737
2021-09-19 00:00:00,103414739.288775,31183.985081709986657846,USD//C,Wrapped Ether,3315.79132737535387542441046489903
2021-09-20 00:00:00,97904015.476728,33020.655427541374479437,USD//C,Wrapped Ether,2965.737356655614208206907946883826
2021-09-21 00:00:00,94501930.06658,34271.637353195570786132,USD//C,Wrapped Ether,2756.828487409012833744767258091119
2021-09-22 00:00:00,99642716.757792,32477.727974492813855239,USD//C,Wrapped Ether,3067.514169562104157132887088377436
2021-09-23 00:00:00,100226112.558916,31850.100266079385881687,USD//C,Wrapped Ether,3149.541696540284647195838469240028
2021-09-24 00:00:00,98315258.408812,33634.618398403165418316,USD//C,Wrapped Ether,2920.641079349697998973580391469407
2021-09-25 00:00:00,98297783.00026,33602.194623870331246527,USD//C,Wrapped Ether,2928.557947871016521740576735375483
2021-09-26 00:00:00,100538238.332384,32885.476255252647431604,USD//C,Wrapped Ether,3055.357774069286130368536317354511
2021-09-27 00:00:00,98440037.060979,33524.236400130190642172,USD//C,Wrapped Ether,2936.36648367555148525595443122735
2021-09-28 00:00:00,96188404.965617,34357.046602348276813907,USD//C,Wrapped Ether,2799.393379531642186711474910453297
2021-09-29 00:00:00,96995463.490295,34098.501279882545553719,USD//C,Wrapped Ether,2842.387063022476973456092438878777
2021-09-30 00:00:00,101422671.899235,33834.623744173263060048,USD//C,Wrapped Ether,2996.665887175140234166460303657991
2021-10-01 00:00:00,106494225.14221,32226.756716593565894677,USD//C,Wrapped Ether,3300.338065569435344435722703239898
2021-10-02 00:00:00,107945192.430884,31840.495117907879363987,USD//C,Wrapped Ether,3386.47903507459772815594638731316
2021-10-03 00:00:00,108229155.680738,31701.955917018841599073,USD//C,Wrapped Ether,3418.9452724389291013154229885571
2021-10-04 00:00:00,107967059.032593,31816.650510625756987522,USD//C,Wrapped Ether,3389.921504442104722804443598774912
2021-10-05 00:00:00,110135069.67108,31267.063764141624704685,USD//C,Wrapped Ether,3521.545297620061067642032180745004
2021-10-06 00:00:00,110981730.705086,30944.948205717446362385,USD//C,Wrapped Ether,3586.615447141303062225954809092167
2021-10-07 00:00:00,111043877.095275,30963.551864712308476933,USD//C,Wrapped Ether,3590.057343876522658321608753376538
2021-10-08 00:00:00,110461652.045743,31070.817855200857602528,USD//C,Wrapped Ether,3559.07984045932325514352940327557
2021-10-09 00:00:00,110803488.913641,30951.227611550054580736,USD//C,Wrapped Ether,3581.841129868704943105622680305762
2021-10-10 00:00:00,108380091.598896,31695.42572760257782487,USD//C,Wrapped Ether,3419.074069789371332809468638124378
2021-10-11 00:00:00,110140365.399366,31202.847312198718331318,USD//C,Wrapped Ether,3527.814025888064067016470019417716
2021-10-12 00:00:00,109612994.141035,31356.179512007456128031,USD//C,Wrapped Ether,3495.516521055053642031534811536772
2021-10-13 00:00:00,110840015.053475,30837.756373070650816548,USD//C,Wrapped Ether,3592.471740891013039346851783769948
2021-10-14 00:00:00,113764620.681984,30063.837144547784941243,USD//C,Wrapped Ether,3784.96126176335341073269561603082
2021-10-15 00:00:00,114909131.179681,29783.426220268808327751,USD//C,Wrapped Ether,3858.449397998047261835835744472294
2021-10-16 00:00:00,114797099.501301,29901.849605054637347922,USD//C,Wrapped Ether,3836.310726175929523130601910413643
2021-10-17 00:00:00,114972914.782787,29853.730205659982656122,USD//C,Wrapped Ether,3847.489856023846906519284259894309
2021-10-18 00:00:00,113372195.830366,30312.508587545046071913,USD//C,Wrapped Ether,3742.589020085785207220697291912768
2021-10-19 00:00:00,115387922.748194,29788.908754880382997077,USD//C,Wrapped Ether,3875.931447718727732136801246274534
2021-10-20 00:00:00,117828531.433759,28346.821554130771149527,USD//C,Wrapped Ether,4152.130779089017076454972121934515
2021-10-21 00:00:00,108732196.017184,26769.819552659070339727,USD//C,Wrapped Ether,4062.451125830208562518682756037168
2021-10-22 00:00:00,107662005.351392,27110.806308317556707194,USD//C,Wrapped Ether,3969.48958413041769769740503123234
2021-10-23 00:00:00,99863028.239985,24031.237373281599259563,USD//C,Wrapped Ether,4155.317959263317943360434104463424
2021-10-24 00:00:00,99087316.918355,24275.025289863076661624,USD//C,Wrapped Ether,4076.86158968095702377192948079909
2021-10-25 00:00:00,105725959.400728,25120.803005625839636343,USD//C,Wrapped Ether,4206.205002713759496481988485915436
2021-10-26 00:00:00,104603093.239367,25268.269166263290673111,USD//C,Wrapped Ether,4139.117004816003427049690389133092
2021-10-27 00:00:00,101938521.765503,25856.216742948486181295,USD//C,Wrapped Ether,3937.639256372153437385696903598855
2021-10-28 00:00:00,105423641.315249,24744.600959766967968067,USD//C,Wrapped Ether,4255.88705987486716945062957281801
